"0","teste = predict(arvore, newdata=creditoteste)"
"0","head(teste)"
"1"," "
"1","       bad"
"1","       good"
"1","
1"
"1"," 0.1107011"
"1"," 0.88929889"
"1","
2"
"1"," 0.7272727"
"1"," 0.27272727"
"1","
3"
"1"," 0.7500000"
"1"," 0.25000000"
"1","
4"
"1"," 0.9166667"
"1"," 0.08333333"
"1","
5"
"1"," 0.1506849"
"1"," 0.84931507"
"1","
6"
"1"," 0.1107011"
"1"," 0.88929889"
"1","
"
